s	p	o
http://lod.nbrp/Medaka/MT104	http://purl.org/rbrc/resource/relatedGene	https://www.ncbi.nlm.nih.gov/gene/101159023
http://lod.nbrp/Medaka/MT104	http://purl.org/rbrc/resource/relatedGene	http://identifiers.org/ncbigene/101159023
http://lod.nbrp/Medaka/MT104	http://purl.org/rbrc/resource/relatedGene	https://identifiers.org/ncbigene:101159023
http://lod.nbrp/Medaka/MT104	http://purl.org/rbrc/resource/relatedGene	http://identifiers.org/ncbigene/slc2a11b-201
http://lod.nbrp/Medaka/MT104	http://purl.org/rbrc/resource/relatedGene	http://identifiers.org/ncbigene/slc2a11b-202
http://lod.nbrp/Medaka/MT104	http://purl.org/rbrc/resource/relatedGene	https://identifiers.org/ncbigene:slc2a11b-201
http://lod.nbrp/Medaka/MT104	http://purl.org/rbrc/resource/relatedGene	https://identifiers.org/ncbigene:slc2a11b-202
http://lod.nbrp/Medaka/MT104	http://purl.org/rbrc/resource/relatedGene	https://www.ncbi.nlm.nih.gov/gene/slc2a11b-201
http://lod.nbrp/Medaka/MT104	http://purl.org/rbrc/resource/relatedGene	https://www.ncbi.nlm.nih.gov/gene/slc2a11b-202
http://lod.nbrp/Medaka/MT13	http://purl.org/rbrc/resource/relatedGene	http://identifiers.org/ncbigene/100049347
http://lod.nbrp/Medaka/MT13	http://purl.org/rbrc/resource/relatedGene	https://identifiers.org/ncbigene:100049347
http://lod.nbrp/Medaka/MT13	http://purl.org/rbrc/resource/relatedGene	https://www.ncbi.nlm.nih.gov/gene/100049347
http://lod.nbrp/Medaka/MT13	http://purl.org/rbrc/resource/relatedGene	http://identifiers.org/ncbigene/slc45a2-201
http://lod.nbrp/Medaka/MT13	http://purl.org/rbrc/resource/relatedGene	https://identifiers.org/ncbigene:slc45a2-201
http://lod.nbrp/Medaka/MT13	http://purl.org/rbrc/resource/relatedGene	https://www.ncbi.nlm.nih.gov/gene/slc45a2-201
http://lod.nbrp/Medaka/MT144	http://purl.org/rbrc/resource/relatedGene	http://identifiers.org/ncbigene/100820713
http://lod.nbrp/Medaka/MT144	http://purl.org/rbrc/resource/relatedGene	https://identifiers.org/ncbigene:100820713
http://lod.nbrp/Medaka/MT144	http://purl.org/rbrc/resource/relatedGene	https://www.ncbi.nlm.nih.gov/gene/100820713
http://lod.nbrp/Medaka/MT15	http://purl.org/rbrc/resource/relatedGene	https://identifiers.org/ncbigene:100049402
http://lod.nbrp/Medaka/MT15	http://purl.org/rbrc/resource/relatedGene	https://www.ncbi.nlm.nih.gov/gene/100049402
http://lod.nbrp/Medaka/MT15	http://purl.org/rbrc/resource/relatedGene	http://identifiers.org/ncbigene/100049402
http://lod.nbrp/Medaka/MT15	http://purl.org/rbrc/resource/relatedGene	http://identifiers.org/ncbigene/smtla-201
http://lod.nbrp/Medaka/MT15	http://purl.org/rbrc/resource/relatedGene	http://identifiers.org/ncbigene/smtla-202
http://lod.nbrp/Medaka/MT15	http://purl.org/rbrc/resource/relatedGene	https://identifiers.org/ncbigene:smtla-201
http://lod.nbrp/Medaka/MT15	http://purl.org/rbrc/resource/relatedGene	https://identifiers.org/ncbigene:smtla-202
http://lod.nbrp/Medaka/MT15	http://purl.org/rbrc/resource/relatedGene	https://www.ncbi.nlm.nih.gov/gene/smtla-201
http://lod.nbrp/Medaka/MT15	http://purl.org/rbrc/resource/relatedGene	https://www.ncbi.nlm.nih.gov/gene/smtla-202
http://lod.nbrp/Medaka/MT169	http://purl.org/rbrc/resource/relatedGene	https://identifiers.org/ncbigene:101163989
http://lod.nbrp/Medaka/MT169	http://purl.org/rbrc/resource/relatedGene	https://www.ncbi.nlm.nih.gov/gene/101163989
http://lod.nbrp/Medaka/MT169	http://purl.org/rbrc/resource/relatedGene	http://identifiers.org/ncbigene/101163989
http://lod.nbrp/Medaka/MT170	http://purl.org/rbrc/resource/relatedGene	https://identifiers.org/ncbigene:101159841
http://lod.nbrp/Medaka/MT170	http://purl.org/rbrc/resource/relatedGene	https://www.ncbi.nlm.nih.gov/gene/101159841
http://lod.nbrp/Medaka/MT170	http://purl.org/rbrc/resource/relatedGene	http://identifiers.org/ncbigene/101159841
http://lod.nbrp/Medaka/MT20	http://purl.org/rbrc/resource/relatedGene	https://identifiers.org/ncbigene:101170307
http://lod.nbrp/Medaka/MT20	http://purl.org/rbrc/resource/relatedGene	https://identifiers.org/ncbigene:101170551
http://lod.nbrp/Medaka/MT20	http://purl.org/rbrc/resource/relatedGene	https://www.ncbi.nlm.nih.gov/gene/101170307
http://lod.nbrp/Medaka/MT20	http://purl.org/rbrc/resource/relatedGene	https://www.ncbi.nlm.nih.gov/gene/101170551
http://lod.nbrp/Medaka/MT20	http://purl.org/rbrc/resource/relatedGene	http://identifiers.org/ncbigene/101170307
http://lod.nbrp/Medaka/MT20	http://purl.org/rbrc/resource/relatedGene	http://identifiers.org/ncbigene/101170551
http://lod.nbrp/Medaka/MT291	http://purl.org/rbrc/resource/relatedGene	https://identifiers.org/ncbigene:100302418
http://lod.nbrp/Medaka/MT291	http://purl.org/rbrc/resource/relatedGene	https://www.ncbi.nlm.nih.gov/gene/100302418
http://lod.nbrp/Medaka/MT291	http://purl.org/rbrc/resource/relatedGene	http://identifiers.org/ncbigene/100302418
http://lod.nbrp/Medaka/MT291	http://purl.org/rbrc/resource/relatedGene	http://identifiers.org/ncbigene/brpf1-201
http://lod.nbrp/Medaka/MT291	http://purl.org/rbrc/resource/relatedGene	http://identifiers.org/ncbigene/brpf1-202
http://lod.nbrp/Medaka/MT291	http://purl.org/rbrc/resource/relatedGene	http://identifiers.org/ncbigene/brpf1-203
http://lod.nbrp/Medaka/MT291	http://purl.org/rbrc/resource/relatedGene	http://identifiers.org/ncbigene/brpf1-204
http://lod.nbrp/Medaka/MT291	http://purl.org/rbrc/resource/relatedGene	http://identifiers.org/ncbigene/brpf1-205
http://lod.nbrp/Medaka/MT291	http://purl.org/rbrc/resource/relatedGene	http://identifiers.org/ncbigene/brpf1-206
http://lod.nbrp/Medaka/MT291	http://purl.org/rbrc/resource/relatedGene	https://identifiers.org/ncbigene:brpf1-201
http://lod.nbrp/Medaka/MT291	http://purl.org/rbrc/resource/relatedGene	https://identifiers.org/ncbigene:brpf1-202
http://lod.nbrp/Medaka/MT291	http://purl.org/rbrc/resource/relatedGene	https://identifiers.org/ncbigene:brpf1-203
http://lod.nbrp/Medaka/MT291	http://purl.org/rbrc/resource/relatedGene	https://identifiers.org/ncbigene:brpf1-204
http://lod.nbrp/Medaka/MT291	http://purl.org/rbrc/resource/relatedGene	https://identifiers.org/ncbigene:brpf1-205
http://lod.nbrp/Medaka/MT291	http://purl.org/rbrc/resource/relatedGene	https://identifiers.org/ncbigene:brpf1-206
http://lod.nbrp/Medaka/MT291	http://purl.org/rbrc/resource/relatedGene	https://www.ncbi.nlm.nih.gov/gene/brpf1-201
http://lod.nbrp/Medaka/MT291	http://purl.org/rbrc/resource/relatedGene	https://www.ncbi.nlm.nih.gov/gene/brpf1-202
http://lod.nbrp/Medaka/MT291	http://purl.org/rbrc/resource/relatedGene	https://www.ncbi.nlm.nih.gov/gene/brpf1-203
http://lod.nbrp/Medaka/MT291	http://purl.org/rbrc/resource/relatedGene	https://www.ncbi.nlm.nih.gov/gene/brpf1-204
http://lod.nbrp/Medaka/MT291	http://purl.org/rbrc/resource/relatedGene	https://www.ncbi.nlm.nih.gov/gene/brpf1-205
http://lod.nbrp/Medaka/MT291	http://purl.org/rbrc/resource/relatedGene	https://www.ncbi.nlm.nih.gov/gene/brpf1-206
http://lod.nbrp/Medaka/MT296	http://purl.org/rbrc/resource/relatedGene	https://identifiers.org/ncbigene:101172419
http://lod.nbrp/Medaka/MT296	http://purl.org/rbrc/resource/relatedGene	https://www.ncbi.nlm.nih.gov/gene/101172419
http://lod.nbrp/Medaka/MT296	http://purl.org/rbrc/resource/relatedGene	http://identifiers.org/ncbigene/101172419
http://lod.nbrp/Medaka/MT312	http://purl.org/rbrc/resource/relatedGene	https://identifiers.org/ncbigene:100529193
http://lod.nbrp/Medaka/MT312	http://purl.org/rbrc/resource/relatedGene	https://www.ncbi.nlm.nih.gov/gene/100529193
http://lod.nbrp/Medaka/MT312	http://purl.org/rbrc/resource/relatedGene	http://identifiers.org/ncbigene/100529193
http://lod.nbrp/Medaka/MT312	http://purl.org/rbrc/resource/relatedGene	http://identifiers.org/ncbigene/sec24d-201
http://lod.nbrp/Medaka/MT312	http://purl.org/rbrc/resource/relatedGene	http://identifiers.org/ncbigene/sec24d-202
http://lod.nbrp/Medaka/MT312	http://purl.org/rbrc/resource/relatedGene	http://identifiers.org/ncbigene/sec24d-203
http://lod.nbrp/Medaka/MT312	http://purl.org/rbrc/resource/relatedGene	https://identifiers.org/ncbigene:sec24d-201
http://lod.nbrp/Medaka/MT312	http://purl.org/rbrc/resource/relatedGene	https://identifiers.org/ncbigene:sec24d-202
http://lod.nbrp/Medaka/MT312	http://purl.org/rbrc/resource/relatedGene	https://identifiers.org/ncbigene:sec24d-203
http://lod.nbrp/Medaka/MT312	http://purl.org/rbrc/resource/relatedGene	https://www.ncbi.nlm.nih.gov/gene/sec24d-201
http://lod.nbrp/Medaka/MT312	http://purl.org/rbrc/resource/relatedGene	https://www.ncbi.nlm.nih.gov/gene/sec24d-202
http://lod.nbrp/Medaka/MT312	http://purl.org/rbrc/resource/relatedGene	https://www.ncbi.nlm.nih.gov/gene/sec24d-203
http://lod.nbrp/Medaka/MT326	http://purl.org/rbrc/resource/relatedGene	https://identifiers.org/ncbigene:101165476
http://lod.nbrp/Medaka/MT326	http://purl.org/rbrc/resource/relatedGene	https://www.ncbi.nlm.nih.gov/gene/101165476
http://lod.nbrp/Medaka/MT326	http://purl.org/rbrc/resource/relatedGene	http://identifiers.org/ncbigene/101165476
http://lod.nbrp/Medaka/MT326	http://purl.org/rbrc/resource/relatedGene	http://identifiers.org/ncbigene/flnc-201
http://lod.nbrp/Medaka/MT326	http://purl.org/rbrc/resource/relatedGene	http://identifiers.org/ncbigene/flnc-202
http://lod.nbrp/Medaka/MT326	http://purl.org/rbrc/resource/relatedGene	http://identifiers.org/ncbigene/flnc-203
http://lod.nbrp/Medaka/MT326	http://purl.org/rbrc/resource/relatedGene	http://identifiers.org/ncbigene/flnc-204
http://lod.nbrp/Medaka/MT326	http://purl.org/rbrc/resource/relatedGene	http://identifiers.org/ncbigene/flnc-205
http://lod.nbrp/Medaka/MT326	http://purl.org/rbrc/resource/relatedGene	https://identifiers.org/ncbigene:flnc-201
http://lod.nbrp/Medaka/MT326	http://purl.org/rbrc/resource/relatedGene	https://identifiers.org/ncbigene:flnc-202
http://lod.nbrp/Medaka/MT326	http://purl.org/rbrc/resource/relatedGene	https://identifiers.org/ncbigene:flnc-203
http://lod.nbrp/Medaka/MT326	http://purl.org/rbrc/resource/relatedGene	https://identifiers.org/ncbigene:flnc-204
http://lod.nbrp/Medaka/MT326	http://purl.org/rbrc/resource/relatedGene	https://identifiers.org/ncbigene:flnc-205
http://lod.nbrp/Medaka/MT326	http://purl.org/rbrc/resource/relatedGene	https://www.ncbi.nlm.nih.gov/gene/flnc-201
http://lod.nbrp/Medaka/MT326	http://purl.org/rbrc/resource/relatedGene	https://www.ncbi.nlm.nih.gov/gene/flnc-202
http://lod.nbrp/Medaka/MT326	http://purl.org/rbrc/resource/relatedGene	https://www.ncbi.nlm.nih.gov/gene/flnc-203
http://lod.nbrp/Medaka/MT326	http://purl.org/rbrc/resource/relatedGene	https://www.ncbi.nlm.nih.gov/gene/flnc-204
http://lod.nbrp/Medaka/MT326	http://purl.org/rbrc/resource/relatedGene	https://www.ncbi.nlm.nih.gov/gene/flnc-205
http://lod.nbrp/Medaka/MT329	http://purl.org/rbrc/resource/relatedGene	https://identifiers.org/ncbigene:100049253
http://lod.nbrp/Medaka/MT329	http://purl.org/rbrc/resource/relatedGene	https://www.ncbi.nlm.nih.gov/gene/100049253
http://lod.nbrp/Medaka/MT329	http://purl.org/rbrc/resource/relatedGene	http://identifiers.org/ncbigene/100049253
http://lod.nbrp/Medaka/MT329	http://purl.org/rbrc/resource/relatedGene	http://identifiers.org/ncbigene/myb-201
http://lod.nbrp/Medaka/MT329	http://purl.org/rbrc/resource/relatedGene	https://identifiers.org/ncbigene:myb-201
http://lod.nbrp/Medaka/MT329	http://purl.org/rbrc/resource/relatedGene	https://www.ncbi.nlm.nih.gov/gene/myb-201
http://lod.nbrp/Medaka/MT331	http://purl.org/rbrc/resource/relatedGene	https://identifiers.org/ncbigene:101170630
http://lod.nbrp/Medaka/MT331	http://purl.org/rbrc/resource/relatedGene	https://www.ncbi.nlm.nih.gov/gene/101170630
http://lod.nbrp/Medaka/MT331	http://purl.org/rbrc/resource/relatedGene	http://identifiers.org/ncbigene/101170630
http://lod.nbrp/Medaka/MT337	http://purl.org/rbrc/resource/relatedGene	https://identifiers.org/ncbigene:101162461
http://lod.nbrp/Medaka/MT337	http://purl.org/rbrc/resource/relatedGene	https://www.ncbi.nlm.nih.gov/gene/101162461
http://lod.nbrp/Medaka/MT337	http://purl.org/rbrc/resource/relatedGene	http://identifiers.org/ncbigene/101162461
http://lod.nbrp/Medaka/MT352	http://purl.org/rbrc/resource/relatedGene	http://identifiers.org/ncbigene/100304461
http://lod.nbrp/Medaka/MT352	http://purl.org/rbrc/resource/relatedGene	https://identifiers.org/ncbigene:100304461
http://lod.nbrp/Medaka/MT352	http://purl.org/rbrc/resource/relatedGene	https://www.ncbi.nlm.nih.gov/gene/100304461
http://lod.nbrp/Medaka/MT352	http://purl.org/rbrc/resource/relatedGene	http://identifiers.org/ncbigene/trrap-201
http://lod.nbrp/Medaka/MT352	http://purl.org/rbrc/resource/relatedGene	http://identifiers.org/ncbigene/trrap-202
http://lod.nbrp/Medaka/MT352	http://purl.org/rbrc/resource/relatedGene	https://identifiers.org/ncbigene:trrap-201
http://lod.nbrp/Medaka/MT352	http://purl.org/rbrc/resource/relatedGene	https://identifiers.org/ncbigene:trrap-202
http://lod.nbrp/Medaka/MT352	http://purl.org/rbrc/resource/relatedGene	https://www.ncbi.nlm.nih.gov/gene/trrap-201
http://lod.nbrp/Medaka/MT352	http://purl.org/rbrc/resource/relatedGene	https://www.ncbi.nlm.nih.gov/gene/trrap-202
http://lod.nbrp/Medaka/MT364	http://purl.org/rbrc/resource/relatedGene	https://www.ncbi.nlm.nih.gov/gene/100529198
http://lod.nbrp/Medaka/MT364	http://purl.org/rbrc/resource/relatedGene	http://identifiers.org/ncbigene/100529198
http://lod.nbrp/Medaka/MT364	http://purl.org/rbrc/resource/relatedGene	https://identifiers.org/ncbigene:100529198
http://lod.nbrp/Medaka/MT364	http://purl.org/rbrc/resource/relatedGene	http://identifiers.org/ncbigene/fn1a-201
http://lod.nbrp/Medaka/MT364	http://purl.org/rbrc/resource/relatedGene	https://identifiers.org/ncbigene:fn1a-201
http://lod.nbrp/Medaka/MT364	http://purl.org/rbrc/resource/relatedGene	https://www.ncbi.nlm.nih.gov/gene/fn1a-201
http://lod.nbrp/Medaka/MT374	http://purl.org/rbrc/resource/relatedGene	https://identifiers.org/ncbigene:101170776
http://lod.nbrp/Medaka/MT374	http://purl.org/rbrc/resource/relatedGene	https://www.ncbi.nlm.nih.gov/gene/101170776
http://lod.nbrp/Medaka/MT374	http://purl.org/rbrc/resource/relatedGene	http://identifiers.org/ncbigene/101170776
http://lod.nbrp/Medaka/MT375	http://purl.org/rbrc/resource/relatedGene	http://identifiers.org/ncbigene/100304461
http://lod.nbrp/Medaka/MT375	http://purl.org/rbrc/resource/relatedGene	https://identifiers.org/ncbigene:100304461
http://lod.nbrp/Medaka/MT375	http://purl.org/rbrc/resource/relatedGene	https://www.ncbi.nlm.nih.gov/gene/100304461
http://lod.nbrp/Medaka/MT375	http://purl.org/rbrc/resource/relatedGene	http://identifiers.org/ncbigene/trrap-201
http://lod.nbrp/Medaka/MT375	http://purl.org/rbrc/resource/relatedGene	http://identifiers.org/ncbigene/trrap-202
http://lod.nbrp/Medaka/MT375	http://purl.org/rbrc/resource/relatedGene	https://identifiers.org/ncbigene:trrap-201
http://lod.nbrp/Medaka/MT375	http://purl.org/rbrc/resource/relatedGene	https://identifiers.org/ncbigene:trrap-202
http://lod.nbrp/Medaka/MT375	http://purl.org/rbrc/resource/relatedGene	https://www.ncbi.nlm.nih.gov/gene/trrap-201
http://lod.nbrp/Medaka/MT375	http://purl.org/rbrc/resource/relatedGene	https://www.ncbi.nlm.nih.gov/gene/trrap-202
http://lod.nbrp/Medaka/MT436	http://purl.org/rbrc/resource/relatedGene	http://identifiers.org/ncbigene/100125447
http://lod.nbrp/Medaka/MT436	http://purl.org/rbrc/resource/relatedGene	https://identifiers.org/ncbigene:100125447
http://lod.nbrp/Medaka/MT436	http://purl.org/rbrc/resource/relatedGene	https://www.ncbi.nlm.nih.gov/gene/100125447
http://lod.nbrp/Medaka/MT436	http://purl.org/rbrc/resource/relatedGene	http://identifiers.org/ncbigene/misrii-201
http://lod.nbrp/Medaka/MT436	http://purl.org/rbrc/resource/relatedGene	https://identifiers.org/ncbigene:misrii-201
http://lod.nbrp/Medaka/MT436	http://purl.org/rbrc/resource/relatedGene	https://www.ncbi.nlm.nih.gov/gene/misrii-201
http://lod.nbrp/Medaka/MT443	http://purl.org/rbrc/resource/relatedGene	https://identifiers.org/ncbigene:101171710
http://lod.nbrp/Medaka/MT443	http://purl.org/rbrc/resource/relatedGene	https://www.ncbi.nlm.nih.gov/gene/101171710
http://lod.nbrp/Medaka/MT443	http://purl.org/rbrc/resource/relatedGene	http://identifiers.org/ncbigene/101171710
http://lod.nbrp/Medaka/MT65	http://purl.org/rbrc/resource/relatedGene	https://identifiers.org/ncbigene:101169887
http://lod.nbrp/Medaka/MT65	http://purl.org/rbrc/resource/relatedGene	https://www.ncbi.nlm.nih.gov/gene/101169887
http://lod.nbrp/Medaka/MT65	http://purl.org/rbrc/resource/relatedGene	http://identifiers.org/ncbigene/101169887
http://lod.nbrp/Medaka/MT65	http://purl.org/rbrc/resource/relatedGene	http://identifiers.org/ncbigene/pks1-201
http://lod.nbrp/Medaka/MT65	http://purl.org/rbrc/resource/relatedGene	https://identifiers.org/ncbigene:pks1-201
http://lod.nbrp/Medaka/MT65	http://purl.org/rbrc/resource/relatedGene	https://www.ncbi.nlm.nih.gov/gene/pks1-201
http://lod.nbrp/Medaka/MT67	http://purl.org/rbrc/resource/relatedGene	https://identifiers.org/ncbigene:100049427
http://lod.nbrp/Medaka/MT67	http://purl.org/rbrc/resource/relatedGene	https://www.ncbi.nlm.nih.gov/gene/100049427
http://lod.nbrp/Medaka/MT67	http://purl.org/rbrc/resource/relatedGene	http://identifiers.org/ncbigene/100049427
http://lod.nbrp/Medaka/MT67	http://purl.org/rbrc/resource/relatedGene	http://identifiers.org/ncbigene/tyr-201
http://lod.nbrp/Medaka/MT67	http://purl.org/rbrc/resource/relatedGene	http://identifiers.org/ncbigene/tyr-202
http://lod.nbrp/Medaka/MT67	http://purl.org/rbrc/resource/relatedGene	https://identifiers.org/ncbigene:tyr-201
http://lod.nbrp/Medaka/MT67	http://purl.org/rbrc/resource/relatedGene	https://identifiers.org/ncbigene:tyr-202
http://lod.nbrp/Medaka/MT67	http://purl.org/rbrc/resource/relatedGene	https://www.ncbi.nlm.nih.gov/gene/tyr-201
http://lod.nbrp/Medaka/MT67	http://purl.org/rbrc/resource/relatedGene	https://www.ncbi.nlm.nih.gov/gene/tyr-202
http://lod.nbrp/Medaka/MT7	http://purl.org/rbrc/resource/relatedGene	http://identifiers.org/ncbigene/100049347
http://lod.nbrp/Medaka/MT7	http://purl.org/rbrc/resource/relatedGene	https://identifiers.org/ncbigene:100049347
http://lod.nbrp/Medaka/MT7	http://purl.org/rbrc/resource/relatedGene	https://www.ncbi.nlm.nih.gov/gene/100049347
http://lod.nbrp/Medaka/MT7	http://purl.org/rbrc/resource/relatedGene	http://identifiers.org/ncbigene/slc45a2-201
http://lod.nbrp/Medaka/MT7	http://purl.org/rbrc/resource/relatedGene	https://identifiers.org/ncbigene:slc45a2-201
http://lod.nbrp/Medaka/MT7	http://purl.org/rbrc/resource/relatedGene	https://www.ncbi.nlm.nih.gov/gene/slc45a2-201
http://lod.nbrp/Medaka/MT70	http://purl.org/rbrc/resource/relatedGene	https://identifiers.org/ncbigene:100049427
http://lod.nbrp/Medaka/MT70	http://purl.org/rbrc/resource/relatedGene	https://www.ncbi.nlm.nih.gov/gene/100049427
http://lod.nbrp/Medaka/MT70	http://purl.org/rbrc/resource/relatedGene	http://identifiers.org/ncbigene/100049427
http://lod.nbrp/Medaka/MT70	http://purl.org/rbrc/resource/relatedGene	http://identifiers.org/ncbigene/tyr-201
http://lod.nbrp/Medaka/MT70	http://purl.org/rbrc/resource/relatedGene	http://identifiers.org/ncbigene/tyr-202
http://lod.nbrp/Medaka/MT70	http://purl.org/rbrc/resource/relatedGene	https://identifiers.org/ncbigene:tyr-201
http://lod.nbrp/Medaka/MT70	http://purl.org/rbrc/resource/relatedGene	https://identifiers.org/ncbigene:tyr-202
http://lod.nbrp/Medaka/MT70	http://purl.org/rbrc/resource/relatedGene	https://www.ncbi.nlm.nih.gov/gene/tyr-201
http://lod.nbrp/Medaka/MT70	http://purl.org/rbrc/resource/relatedGene	https://www.ncbi.nlm.nih.gov/gene/tyr-202
http://lod.nbrp/Medaka/MT72	http://purl.org/rbrc/resource/relatedGene	https://identifiers.org/ncbigene:100049427
http://lod.nbrp/Medaka/MT72	http://purl.org/rbrc/resource/relatedGene	https://www.ncbi.nlm.nih.gov/gene/100049427
http://lod.nbrp/Medaka/MT72	http://purl.org/rbrc/resource/relatedGene	http://identifiers.org/ncbigene/100049427
http://lod.nbrp/Medaka/MT72	http://purl.org/rbrc/resource/relatedGene	http://identifiers.org/ncbigene/tyr-201
http://lod.nbrp/Medaka/MT72	http://purl.org/rbrc/resource/relatedGene	http://identifiers.org/ncbigene/tyr-202
http://lod.nbrp/Medaka/MT72	http://purl.org/rbrc/resource/relatedGene	https://identifiers.org/ncbigene:tyr-201
http://lod.nbrp/Medaka/MT72	http://purl.org/rbrc/resource/relatedGene	https://identifiers.org/ncbigene:tyr-202
http://lod.nbrp/Medaka/MT72	http://purl.org/rbrc/resource/relatedGene	https://www.ncbi.nlm.nih.gov/gene/tyr-201
http://lod.nbrp/Medaka/MT72	http://purl.org/rbrc/resource/relatedGene	https://www.ncbi.nlm.nih.gov/gene/tyr-202
http://lod.nbrp/Medaka/MT76	http://purl.org/rbrc/resource/relatedGene	https://identifiers.org/ncbigene:101174080
http://lod.nbrp/Medaka/MT76	http://purl.org/rbrc/resource/relatedGene	https://www.ncbi.nlm.nih.gov/gene/101174080
http://lod.nbrp/Medaka/MT76	http://purl.org/rbrc/resource/relatedGene	http://identifiers.org/ncbigene/101174080
http://lod.nbrp/Medaka/MT76	http://purl.org/rbrc/resource/relatedGene	http://identifiers.org/ncbigene/slc2a15b-201
http://lod.nbrp/Medaka/MT76	http://purl.org/rbrc/resource/relatedGene	https://identifiers.org/ncbigene:slc2a15b-201
http://lod.nbrp/Medaka/MT76	http://purl.org/rbrc/resource/relatedGene	https://www.ncbi.nlm.nih.gov/gene/slc2a15b-201
http://lod.nbrp/Medaka/MT77	http://purl.org/rbrc/resource/relatedGene	https://identifiers.org/ncbigene:101174017
http://lod.nbrp/Medaka/MT77	http://purl.org/rbrc/resource/relatedGene	https://www.ncbi.nlm.nih.gov/gene/101174017
http://lod.nbrp/Medaka/MT77	http://purl.org/rbrc/resource/relatedGene	http://identifiers.org/ncbigene/101174017
http://lod.nbrp/Medaka/MT77	http://purl.org/rbrc/resource/relatedGene	http://identifiers.org/ncbigene/pax7a-201
http://lod.nbrp/Medaka/MT77	http://purl.org/rbrc/resource/relatedGene	http://identifiers.org/ncbigene/pax7a-202
http://lod.nbrp/Medaka/MT77	http://purl.org/rbrc/resource/relatedGene	http://identifiers.org/ncbigene/pax7a-203
http://lod.nbrp/Medaka/MT77	http://purl.org/rbrc/resource/relatedGene	https://identifiers.org/ncbigene:pax7a-201
http://lod.nbrp/Medaka/MT77	http://purl.org/rbrc/resource/relatedGene	https://identifiers.org/ncbigene:pax7a-202
http://lod.nbrp/Medaka/MT77	http://purl.org/rbrc/resource/relatedGene	https://identifiers.org/ncbigene:pax7a-203
http://lod.nbrp/Medaka/MT77	http://purl.org/rbrc/resource/relatedGene	https://www.ncbi.nlm.nih.gov/gene/pax7a-201
http://lod.nbrp/Medaka/MT77	http://purl.org/rbrc/resource/relatedGene	https://www.ncbi.nlm.nih.gov/gene/pax7a-202
http://lod.nbrp/Medaka/MT77	http://purl.org/rbrc/resource/relatedGene	https://www.ncbi.nlm.nih.gov/gene/pax7a-203
http://lod.nbrp/Medaka/MT80	http://purl.org/rbrc/resource/relatedGene	http://identifiers.org/ncbigene/100144355
http://lod.nbrp/Medaka/MT80	http://purl.org/rbrc/resource/relatedGene	https://identifiers.org/ncbigene:100144355
http://lod.nbrp/Medaka/MT80	http://purl.org/rbrc/resource/relatedGene	https://www.ncbi.nlm.nih.gov/gene/100144355
http://lod.nbrp/Medaka/MT80	http://purl.org/rbrc/resource/relatedGene	http://identifiers.org/ncbigene/sox5-201
http://lod.nbrp/Medaka/MT80	http://purl.org/rbrc/resource/relatedGene	http://identifiers.org/ncbigene/sox5-202
http://lod.nbrp/Medaka/MT80	http://purl.org/rbrc/resource/relatedGene	http://identifiers.org/ncbigene/sox5-203
http://lod.nbrp/Medaka/MT80	http://purl.org/rbrc/resource/relatedGene	http://identifiers.org/ncbigene/sox5-204
http://lod.nbrp/Medaka/MT80	http://purl.org/rbrc/resource/relatedGene	https://identifiers.org/ncbigene:sox5-201
http://lod.nbrp/Medaka/MT80	http://purl.org/rbrc/resource/relatedGene	https://identifiers.org/ncbigene:sox5-202
http://lod.nbrp/Medaka/MT80	http://purl.org/rbrc/resource/relatedGene	https://identifiers.org/ncbigene:sox5-203
http://lod.nbrp/Medaka/MT80	http://purl.org/rbrc/resource/relatedGene	https://identifiers.org/ncbigene:sox5-204
http://lod.nbrp/Medaka/MT80	http://purl.org/rbrc/resource/relatedGene	https://www.ncbi.nlm.nih.gov/gene/sox5-201
http://lod.nbrp/Medaka/MT80	http://purl.org/rbrc/resource/relatedGene	https://www.ncbi.nlm.nih.gov/gene/sox5-202
http://lod.nbrp/Medaka/MT80	http://purl.org/rbrc/resource/relatedGene	https://www.ncbi.nlm.nih.gov/gene/sox5-203
http://lod.nbrp/Medaka/MT80	http://purl.org/rbrc/resource/relatedGene	https://www.ncbi.nlm.nih.gov/gene/sox5-204
http://lod.nbrp/Medaka/MT83	http://purl.org/rbrc/resource/relatedGene	http://identifiers.org/ncbigene/100302581
http://lod.nbrp/Medaka/MT83	http://purl.org/rbrc/resource/relatedGene	https://identifiers.org/ncbigene:100302581
http://lod.nbrp/Medaka/MT83	http://purl.org/rbrc/resource/relatedGene	https://www.ncbi.nlm.nih.gov/gene/100302581
http://lod.nbrp/Medaka/MT83	http://purl.org/rbrc/resource/relatedGene	http://identifiers.org/ncbigene/glis3-201
http://lod.nbrp/Medaka/MT83	http://purl.org/rbrc/resource/relatedGene	https://identifiers.org/ncbigene:glis3-201
http://lod.nbrp/Medaka/MT83	http://purl.org/rbrc/resource/relatedGene	https://www.ncbi.nlm.nih.gov/gene/glis3-201
http://lod.nbrp/Medaka/MT893	http://purl.org/rbrc/resource/relatedGene	http://identifiers.org/ncbigene/100049321
http://lod.nbrp/Medaka/MT893	http://purl.org/rbrc/resource/relatedGene	https://identifiers.org/ncbigene:100049321
http://lod.nbrp/Medaka/MT893	http://purl.org/rbrc/resource/relatedGene	https://www.ncbi.nlm.nih.gov/gene/100049321
http://lod.nbrp/Medaka/MT893	http://purl.org/rbrc/resource/relatedGene	http://identifiers.org/ncbigene/tp53-201
http://lod.nbrp/Medaka/MT893	http://purl.org/rbrc/resource/relatedGene	https://identifiers.org/ncbigene:tp53-201
http://lod.nbrp/Medaka/MT893	http://purl.org/rbrc/resource/relatedGene	https://www.ncbi.nlm.nih.gov/gene/tp53-201
http://lod.nbrp/Medaka/MT894	http://purl.org/rbrc/resource/relatedGene	http://identifiers.org/ncbigene/100049321
http://lod.nbrp/Medaka/MT894	http://purl.org/rbrc/resource/relatedGene	https://identifiers.org/ncbigene:100049321
http://lod.nbrp/Medaka/MT894	http://purl.org/rbrc/resource/relatedGene	https://www.ncbi.nlm.nih.gov/gene/100049321
http://lod.nbrp/Medaka/MT894	http://purl.org/rbrc/resource/relatedGene	http://identifiers.org/ncbigene/tp53-201
http://lod.nbrp/Medaka/MT894	http://purl.org/rbrc/resource/relatedGene	https://identifiers.org/ncbigene:tp53-201
http://lod.nbrp/Medaka/MT894	http://purl.org/rbrc/resource/relatedGene	https://www.ncbi.nlm.nih.gov/gene/tp53-201
http://lod.nbrp/Medaka/MT914	http://purl.org/rbrc/resource/relatedGene	http://identifiers.org/ncbigene/100125816
http://lod.nbrp/Medaka/MT914	http://purl.org/rbrc/resource/relatedGene	https://www.ncbi.nlm.nih.gov/gene/100125816
http://lod.nbrp/Medaka/MT914	http://purl.org/rbrc/resource/relatedGene	https://identifiers.org/ncbigene:100125816
http://lod.nbrp/Medaka/MT914	http://purl.org/rbrc/resource/relatedGene	http://identifiers.org/ncbigene/cyp17-201
http://lod.nbrp/Medaka/MT914	http://purl.org/rbrc/resource/relatedGene	http://identifiers.org/ncbigene/cyp17-202
http://lod.nbrp/Medaka/MT914	http://purl.org/rbrc/resource/relatedGene	http://identifiers.org/ncbigene/cyp17-203
http://lod.nbrp/Medaka/MT914	http://purl.org/rbrc/resource/relatedGene	https://identifiers.org/ncbigene:cyp17-201
http://lod.nbrp/Medaka/MT914	http://purl.org/rbrc/resource/relatedGene	https://identifiers.org/ncbigene:cyp17-202
http://lod.nbrp/Medaka/MT914	http://purl.org/rbrc/resource/relatedGene	https://identifiers.org/ncbigene:cyp17-203
http://lod.nbrp/Medaka/MT914	http://purl.org/rbrc/resource/relatedGene	https://www.ncbi.nlm.nih.gov/gene/cyp17-201
http://lod.nbrp/Medaka/MT914	http://purl.org/rbrc/resource/relatedGene	https://www.ncbi.nlm.nih.gov/gene/cyp17-202
http://lod.nbrp/Medaka/MT914	http://purl.org/rbrc/resource/relatedGene	https://www.ncbi.nlm.nih.gov/gene/cyp17-203
http://lod.nbrp/Medaka/MT924	http://purl.org/rbrc/resource/relatedGene	http://identifiers.org/ncbigene/100533507
http://lod.nbrp/Medaka/MT924	http://purl.org/rbrc/resource/relatedGene	https://identifiers.org/ncbigene:100533507
http://lod.nbrp/Medaka/MT924	http://purl.org/rbrc/resource/relatedGene	https://www.ncbi.nlm.nih.gov/gene/100533507
http://lod.nbrp/Medaka/MT924	http://purl.org/rbrc/resource/relatedGene	http://identifiers.org/ncbigene/esco2-201
http://lod.nbrp/Medaka/MT924	http://purl.org/rbrc/resource/relatedGene	https://identifiers.org/ncbigene:esco2-201
http://lod.nbrp/Medaka/MT924	http://purl.org/rbrc/resource/relatedGene	https://www.ncbi.nlm.nih.gov/gene/esco2-201
http://lod.nbrp/Medaka/MT939	http://purl.org/rbrc/resource/relatedGene	https://identifiers.org/ncbigene:100529165
http://lod.nbrp/Medaka/MT939	http://purl.org/rbrc/resource/relatedGene	https://www.ncbi.nlm.nih.gov/gene/100529165
http://lod.nbrp/Medaka/MT939	http://purl.org/rbrc/resource/relatedGene	http://identifiers.org/ncbigene/100529165
http://lod.nbrp/Medaka/MT939	http://purl.org/rbrc/resource/relatedGene	http://identifiers.org/ncbigene/mstnb-201
http://lod.nbrp/Medaka/MT939	http://purl.org/rbrc/resource/relatedGene	http://identifiers.org/ncbigene/mstnb-202
http://lod.nbrp/Medaka/MT939	http://purl.org/rbrc/resource/relatedGene	https://identifiers.org/ncbigene:mstnb-201
http://lod.nbrp/Medaka/MT939	http://purl.org/rbrc/resource/relatedGene	https://identifiers.org/ncbigene:mstnb-202
http://lod.nbrp/Medaka/MT939	http://purl.org/rbrc/resource/relatedGene	https://www.ncbi.nlm.nih.gov/gene/mstnb-201
http://lod.nbrp/Medaka/MT939	http://purl.org/rbrc/resource/relatedGene	https://www.ncbi.nlm.nih.gov/gene/mstnb-202
http://lod.nbrp/Medaka/MT97	http://purl.org/rbrc/resource/relatedGene	https://identifiers.org/ncbigene:100049352
http://lod.nbrp/Medaka/MT97	http://purl.org/rbrc/resource/relatedGene	https://www.ncbi.nlm.nih.gov/gene/100049352
http://lod.nbrp/Medaka/MT97	http://purl.org/rbrc/resource/relatedGene	http://identifiers.org/ncbigene/100049352
http://lod.nbrp/Medaka/MT97	http://purl.org/rbrc/resource/relatedGene	http://identifiers.org/ncbigene/edar-201
http://lod.nbrp/Medaka/MT97	http://purl.org/rbrc/resource/relatedGene	http://identifiers.org/ncbigene/edar-202
http://lod.nbrp/Medaka/MT97	http://purl.org/rbrc/resource/relatedGene	https://identifiers.org/ncbigene:edar-201
http://lod.nbrp/Medaka/MT97	http://purl.org/rbrc/resource/relatedGene	https://identifiers.org/ncbigene:edar-202
http://lod.nbrp/Medaka/MT97	http://purl.org/rbrc/resource/relatedGene	https://www.ncbi.nlm.nih.gov/gene/edar-201
http://lod.nbrp/Medaka/MT97	http://purl.org/rbrc/resource/relatedGene	https://www.ncbi.nlm.nih.gov/gene/edar-202
http://lod.nbrp/Medaka/MT977	http://purl.org/rbrc/resource/relatedGene	http://identifiers.org/ncbigene/101173571
http://lod.nbrp/Medaka/MT977	http://purl.org/rbrc/resource/relatedGene	https://identifiers.org/ncbigene:101173571
http://lod.nbrp/Medaka/MT977	http://purl.org/rbrc/resource/relatedGene	https://www.ncbi.nlm.nih.gov/gene/101173571
http://lod.nbrp/Medaka/MT977	http://purl.org/rbrc/resource/relatedGene	http://identifiers.org/ncbigene/atp6v1ba-201
http://lod.nbrp/Medaka/MT977	http://purl.org/rbrc/resource/relatedGene	http://identifiers.org/ncbigene/atp6v1ba-202
http://lod.nbrp/Medaka/MT977	http://purl.org/rbrc/resource/relatedGene	http://identifiers.org/ncbigene/atp6v1ba-203
http://lod.nbrp/Medaka/MT977	http://purl.org/rbrc/resource/relatedGene	https://identifiers.org/ncbigene:atp6v1ba-201
http://lod.nbrp/Medaka/MT977	http://purl.org/rbrc/resource/relatedGene	https://identifiers.org/ncbigene:atp6v1ba-202
http://lod.nbrp/Medaka/MT977	http://purl.org/rbrc/resource/relatedGene	https://identifiers.org/ncbigene:atp6v1ba-203
http://lod.nbrp/Medaka/MT977	http://purl.org/rbrc/resource/relatedGene	https://www.ncbi.nlm.nih.gov/gene/atp6v1ba-201
http://lod.nbrp/Medaka/MT977	http://purl.org/rbrc/resource/relatedGene	https://www.ncbi.nlm.nih.gov/gene/atp6v1ba-202
http://lod.nbrp/Medaka/MT977	http://purl.org/rbrc/resource/relatedGene	https://www.ncbi.nlm.nih.gov/gene/atp6v1ba-203
